<metadata xml:lang="en"><Esri><MetaID>{DA92DE2D-AA42-44BE-8C36-F820F4A04C6A}</MetaID><CreaDate>20090218</CreaDate><CreaTime>14481300</CreaTime><SyncOnce>FALSE</SyncOnce><DataProperties><lineage><Process Name="PointToRaster_2" ToolSource="C:\Program Files\ArcGIS\ArcToolbox\Toolboxes\Conversion Tools.tbx\PointToRaster" Date="20090218" Time="144813">PointToRaster study_area_elvpoints Elevation "C:\Louis\MSc GIS module\Practical 4\DTM\pan50m" MOST_FREQUENT NONE 50</Process><Process ToolSource="C:\Program Files (x86)\ArcGIS\Desktop10.0\ArcToolbox\Toolboxes\Data Management Tools.tbx\CopyRaster" Date="20120702" Time="094918">CopyRaster "Z:\nras\pc\teaching\bio8014 gis &amp; remote sensing\arc_practs 2012-13\Pract Data\Practical 4 bashed\DTM\pan50m" "Z:\nras\pc\teaching\bio8014 gis &amp; remote sensing\arc_practs 2012-13\Pract Data\Practical 4\Practical 4.gdb\pan50m" # # # NONE NONE #</Process><Process ToolSource="c:\program files (x86)\arcgis\desktop10.6\ArcToolbox\Toolboxes\Data Management Tools.tbx\CopyRaster" Date="20210310" Time="170639">CopyRaster "C:\Temp\nras\BIO8069-Practical4\Practical 4\Practical 4.gdb\pan50m" "C:\Temp\nras\BIO8069-Practical4\Practical 4\pan50m.tif" # # 32767 NONE NONE # NONE NONE TIFF NONE</Process></lineage><itemProps><itemName Sync="TRUE">pan50m.tif</itemName><imsContentType Sync="TRUE">002</imsContentType><nativeExtBox><westBL Sync="TRUE">379975.000000</westBL><eastBL Sync="TRUE">420025.000000</eastBL><southBL Sync="TRUE">419975.000000</southBL><northBL Sync="TRUE">440025.000000</northBL><exTypeCode Sync="TRUE">1</exTypeCode></nativeExtBox><itemLocation><linkage Sync="TRUE">file://C:\Temp\nras\BIO8069-Practical4\Practical 4\pan50m.tif</linkage><protocol Sync="TRUE">Local Area Network</protocol></itemLocation></itemProps><coordRef><type Sync="TRUE">Projected</type><geogcsn Sync="TRUE">GCS_OSGB_1936</geogcsn><projcsn Sync="TRUE">OSGB_1936_Transverse_Mercator</projcsn><peXml Sync="TRUE">&lt;ProjectedCoordinateSystem xsi:type='typens:ProjectedCoordinateSystem' xmlns:xsi='http://www.w3.org/2001/XMLSchema-instance' xmlns:xs='http://www.w3.org/2001/XMLSchema' xmlns:typens='http://www.esri.com/schemas/ArcGIS/10.6'&gt;&lt;WKT&gt;PROJCS[&amp;quot;OSGB_1936_Transverse_Mercator&amp;quot;,GEOGCS[&amp;quot;GCS_OSGB_1936&amp;quot;,DATUM[&amp;quot;D_OSGB_1936&amp;quot;,SPHEROID[&amp;quot;Airy_1830&amp;quot;,6377563.396,299.3249646]],PRIMEM[&amp;quot;Greenwich&amp;quot;,0.0],UNIT[&amp;quot;Degree&amp;quot;,0.0174532925199433]],PROJECTION[&amp;quot;Transverse_Mercator&amp;quot;],PARAMETER[&amp;quot;False_Easting&amp;quot;,400000.0],PARAMETER[&amp;quot;False_Northing&amp;quot;,-100000.0],PARAMETER[&amp;quot;Central_Meridian&amp;quot;,-2.0],PARAMETER[&amp;quot;Scale_Factor&amp;quot;,0.9996012717],PARAMETER[&amp;quot;Latitude_Of_Origin&amp;quot;,49.0],UNIT[&amp;quot;Meter&amp;quot;,1.0]]&lt;/WKT&gt;&lt;XOrigin&gt;-5220400&lt;/XOrigin&gt;&lt;YOrigin&gt;-15524400&lt;/YOrigin&gt;&lt;XYScale&gt;450481592.76709664&lt;/XYScale&gt;&lt;ZOrigin&gt;-100000&lt;/ZOrigin&gt;&lt;ZScale&gt;10000&lt;/ZScale&gt;&lt;MOrigin&gt;-100000&lt;/MOrigin&gt;&lt;MScale&gt;10000&lt;/MScale&gt;&lt;XYTolerance&gt;0.001&lt;/XYTolerance&gt;&lt;ZTolerance&gt;0.001&lt;/ZTolerance&gt;&lt;MTolerance&gt;0.001&lt;/MTolerance&gt;&lt;HighPrecision&gt;true&lt;/HighPrecision&gt;&lt;/ProjectedCoordinateSystem&gt;</peXml><csUnits Sync="TRUE">Linear Unit: Meter (1.000000)</csUnits></coordRef><RasterProperties><General><PixelDepth Sync="TRUE">16</PixelDepth><HasColormap Sync="TRUE">FALSE</HasColormap><CompressionType Sync="TRUE">LZW</CompressionType><NumBands Sync="TRUE">1</NumBands><Format Sync="TRUE">TIFF</Format><HasPyramids Sync="TRUE">TRUE</HasPyramids><SourceType Sync="TRUE">discrete</SourceType><PixelType Sync="TRUE">signed integer</PixelType><NoDataValue Sync="TRUE">32767</NoDataValue></General></RasterProperties></DataProperties><SyncDate>20210310</SyncDate><SyncTime>17063800</SyncTime><ModDate>20210310</ModDate><ModTime>17063800</ModTime></Esri><dataIdInfo><envirDesc Sync="TRUE"> Version 6.2 (Build 9200) ; Esri ArcGIS 10.6.1.9270</envirDesc><dataLang><languageCode value="eng" country="GBR"></languageCode><countryCode value="GBR" Sync="TRUE"></countryCode></dataLang><idCitation><resTitle Sync="TRUE">pan50m.tif</resTitle><presForm><PresFormCd value="005" Sync="TRUE"></PresFormCd></presForm></idCitation><descKeys><thesaName uuidref="723f6998-058e-11dc-8314-0800200c9a66"></thesaName><keyword Sync="TRUE">002</keyword></descKeys><spatRpType><SpatRepTypCd value="002"></SpatRepTypCd></spatRpType><dataExt><geoEle><GeoBndBox esriExtentType="search"><westBL Sync="TRUE">-2.304473</westBL><eastBL Sync="TRUE">-1.695527</eastBL><northBL Sync="TRUE">53.856245</northBL><southBL Sync="TRUE">53.675630</southBL><exTypeCode Sync="TRUE">1</exTypeCode></GeoBndBox></geoEle></dataExt></dataIdInfo><mdLang><languageCode value="eng"></languageCode><countryCode value="GBR" Sync="TRUE"></countryCode></mdLang><distInfo><distFormat><formatName Sync="TRUE">Raster Dataset</formatName></distFormat></distInfo><mdHrLv><ScopeCd value="005"></ScopeCd></mdHrLv><mdHrLvName Sync="TRUE">dataset</mdHrLvName><refSysInfo><RefSystem><refSysID><identCode code="0"></identCode></refSysID></RefSystem></refSysInfo><spdoinfo><rastinfo><rasttype Sync="TRUE">Pixel</rasttype><rowcount Sync="TRUE">401</rowcount><colcount Sync="TRUE">801</colcount><rastxsz Sync="TRUE">50.000000</rastxsz><rastysz Sync="TRUE">50.000000</rastysz><rastbpp Sync="TRUE">16</rastbpp><vrtcount Sync="TRUE">1</vrtcount><rastorig Sync="TRUE">Upper Left</rastorig><rastcmap Sync="TRUE">FALSE</rastcmap><rastcomp Sync="TRUE">LZ77</rastcomp><rastband Sync="TRUE">1</rastband><rastdtyp Sync="TRUE">pixel codes</rastdtyp><rastifor Sync="TRUE">FGDBR</rastifor><rastplyr Sync="TRUE">TRUE</rastplyr></rastinfo></spdoinfo><spref><horizsys><planar><planci><plance Sync="TRUE">row and column</plance><coordrep><absres Sync="TRUE">50.000000</absres><ordres Sync="TRUE">50.000000</ordres></coordrep></planci></planar></horizsys></spref><eainfo><detailed Name="pan50m.tif.vat"><enttyp><enttypl Sync="TRUE">pan50m.tif.vat</enttypl><enttypt Sync="TRUE">Table</enttypt><enttypc Sync="TRUE">473</enttypc></enttyp><attr><attrlabl Sync="TRUE">OID</attrlabl><attalias Sync="TRUE">OID</attalias><attrtype Sync="TRUE">OID</attrtype><attwidth Sync="TRUE">4</attwidth><atprecis Sync="TRUE">0</atprecis><attscale Sync="TRUE">0</attscale><attrdef Sync="TRUE">Internal feature number.</attrdef><attrdefs Sync="TRUE">Esri</attrdefs><attrdomv><udom Sync="TRUE">Sequential unique whole numbers that are automatically generated.</udom></attrdomv></attr><attr><attrlabl Sync="TRUE">VALUE</attrlabl><attalias Sync="TRUE">VALUE</attalias><attrtype Sync="TRUE">Integer</attrtype><attwidth Sync="TRUE">10</attwidth><atprecis Sync="TRUE">10</atprecis><attscale Sync="TRUE">0</attscale></attr><attr><attrlabl Sync="TRUE">COUNT</attrlabl><attalias Sync="TRUE">COUNT</attalias><attrtype Sync="TRUE">Integer</attrtype><attwidth Sync="TRUE">10</attwidth><atprecis Sync="TRUE">10</atprecis><attscale Sync="TRUE">0</attscale></attr></detailed></eainfo><mdDateSt Sync="TRUE">20210310</mdDateSt><spatRepInfo><Georect><cellGeo><CellGeoCd Sync="TRUE" value="002"></CellGeoCd></cellGeo><numDims Sync="TRUE">2</numDims><tranParaAv Sync="TRUE">1</tranParaAv><chkPtAv Sync="TRUE">0</chkPtAv><cornerPts><pos Sync="TRUE">379975.000000 419975.000000</pos></cornerPts><cornerPts><pos Sync="TRUE">379975.000000 440025.000000</pos></cornerPts><cornerPts><pos Sync="TRUE">420025.000000 440025.000000</pos></cornerPts><cornerPts><pos Sync="TRUE">420025.000000 419975.000000</pos></cornerPts><centerPt><pos Sync="TRUE">400000.000000 430000.000000</pos></centerPt><axisDimension type="002"><dimSize Sync="TRUE">801</dimSize><dimResol><value Sync="TRUE" uom="m">50.000000</value></dimResol></axisDimension><axisDimension type="001"><dimSize Sync="TRUE">401</dimSize><dimResol><value Sync="TRUE" uom="m">50.000000</value></dimResol></axisDimension><ptInPixel><PixOrientCd Sync="TRUE" value="001"></PixOrientCd></ptInPixel></Georect></spatRepInfo><contInfo><ImgDesc><contentTyp><ContentTypCd Sync="TRUE" value="002"></ContentTypCd></contentTyp><covDim><Band><dimDescrp Sync="TRUE">Band_1</dimDescrp><maxVal Sync="TRUE">516.000000</maxVal><minVal Sync="TRUE">43.000000</minVal><bitsPerVal Sync="TRUE">16</bitsPerVal><valUnit><UOM type="length"></UOM></valUnit></Band></covDim></ImgDesc></contInfo></metadata>
