<metadata xml:lang="en"><Esri><CreaDate>20090218</CreaDate><CreaTime>15190200</CreaTime><SyncOnce>FALSE</SyncOnce><MetaID>{9CC56491-0B53-41C9-A9CC-FA563CFD37F3}</MetaID><DataProperties><lineage><Process ToolSource="C:\Program Files (x86)\ArcGIS\Desktop10.0\ArcToolbox\Toolboxes\Spatial Analyst Tools.tbx\ExtractMultiValuesToPoints" Date="20120628" Time="172608">ExtractMultiValuesToPoints Wind_turbines "my_aspect my_aspect;my_slope my_slope" NONE</Process><Process ToolSource="C:\Program Files (x86)\ArcGIS\Desktop10.0\ArcToolbox\Toolboxes\Conversion Tools.tbx\FeatureClassToFeatureClass" Date="20120702" Time="095316">FeatureClassToFeatureClass "Z:\nras\pc\teaching\bio8014 gis &amp; remote sensing\arc_practs 2012-13\Pract Data\Practical 4 bashed\shp files\Wind_turbines.shp" "Z:\nras\pc\teaching\bio8014 gis &amp; remote sensing\arc_practs 2012-13\Pract Data\Practical 4\Practical 4.gdb" Wind_turbines # "WF_Name "WF_Name" true true false 50 Text 0 0 ,First,#,Z:\nras\pc\teaching\bio8014 gis &amp; remote sensing\arc_practs 2012-13\Pract Data\Practical 4 bashed\shp files\Wind_turbines.shp,WF_Name,-1,-1;Turb_ID "Turb_ID" true true false 10 Text 0 0 ,First,#,Z:\nras\pc\teaching\bio8014 gis &amp; remote sensing\arc_practs 2012-13\Pract Data\Practical 4 bashed\shp files\Wind_turbines.shp,Turb_ID,-1,-1;OFFSETA "OFFSETA" true true false 4 Short 0 4 ,First,#,Z:\nras\pc\teaching\bio8014 gis &amp; remote sensing\arc_practs 2012-13\Pract Data\Practical 4 bashed\shp files\Wind_turbines.shp,OFFSETA,-1,-1;OFFSETB "OFFSETB" true true false 19 Double 0 0 ,First,#,Z:\nras\pc\teaching\bio8014 gis &amp; remote sensing\arc_practs 2012-13\Pract Data\Practical 4 bashed\shp files\Wind_turbines.shp,OFFSETB,-1,-1;RADIUS2 "RADIUS2" true true false 9 Long 0 9 ,First,#,Z:\nras\pc\teaching\bio8014 gis &amp; remote sensing\arc_practs 2012-13\Pract Data\Practical 4 bashed\shp files\Wind_turbines.shp,RADIUS2,-1,-1;my_aspect "my_aspect" true true false 13 Float 0 0 ,First,#,Z:\nras\pc\teaching\bio8014 gis &amp; remote sensing\arc_practs 2012-13\Pract Data\Practical 4 bashed\shp files\Wind_turbines.shp,my_aspect,-1,-1;my_slope "my_slope" true true false 13 Float 0 0 ,First,#,Z:\nras\pc\teaching\bio8014 gis &amp; remote sensing\arc_practs 2012-13\Pract Data\Practical 4 bashed\shp files\Wind_turbines.shp,my_slope,-1,-1" #</Process><Process ToolSource="c:\program files (x86)\arcgis\desktop10.6\ArcToolbox\Toolboxes\Conversion Tools.tbx\FeatureClassToFeatureClass" Date="20210311" Time="104122">FeatureClassToFeatureClass "C:\Temp\nras\BIO8069-Practical4\Practical 4\Practical 4.gdb\Wind_turbines" "C:\Temp\nras\BIO8069-Practical4\Practical 4" wind_turbines.shp # "WF_Name "WF_Name" true true false 50 Text 0 0 ,First,#,C:\Temp\nras\BIO8069-Practical4\Practical 4\Practical 4.gdb\Wind_turbines,WF_Name,-1,-1;Turb_ID "Turb_ID" true true false 10 Text 0 0 ,First,#,C:\Temp\nras\BIO8069-Practical4\Practical 4\Practical 4.gdb\Wind_turbines,Turb_ID,-1,-1;OFFSETA "OFFSETA" true true false 2 Short 0 0 ,First,#,C:\Temp\nras\BIO8069-Practical4\Practical 4\Practical 4.gdb\Wind_turbines,OFFSETA,-1,-1;OFFSETB "OFFSETB" true true false 8 Double 0 0 ,First,#,C:\Temp\nras\BIO8069-Practical4\Practical 4\Practical 4.gdb\Wind_turbines,OFFSETB,-1,-1" #</Process></lineage><itemProps><itemName Sync="TRUE">wind_turbines</itemName><imsContentType Sync="TRUE">002</imsContentType><itemLocation><linkage Sync="TRUE">file://\\18SRIDACLW001\C$\Temp\nras\BIO8069-Practical4\Practical 4\wind_turbines.shp</linkage><protocol Sync="TRUE">Local Area Network</protocol></itemLocation><itemSize Sync="TRUE">0.000</itemSize></itemProps><coordRef><type Sync="TRUE">Projected</type><geogcsn Sync="TRUE">GCS_OSGB_1936</geogcsn><projcsn Sync="TRUE">British_National_Grid</projcsn><peXml Sync="TRUE">&lt;ProjectedCoordinateSystem xsi:type='typens:ProjectedCoordinateSystem' xmlns:xsi='http://www.w3.org/2001/XMLSchema-instance' xmlns:xs='http://www.w3.org/2001/XMLSchema' xmlns:typens='http://www.esri.com/schemas/ArcGIS/10.6'&gt;&lt;WKT&gt;PROJCS[&amp;quot;British_National_Grid&amp;quot;,GEOGCS[&amp;quot;GCS_OSGB_1936&amp;quot;,DATUM[&amp;quot;D_OSGB_1936&amp;quot;,SPHEROID[&amp;quot;Airy_1830&amp;quot;,6377563.396,299.3249646]],PRIMEM[&amp;quot;Greenwich&amp;quot;,0.0],UNIT[&amp;quot;Degree&amp;quot;,0.0174532925199433]],PROJECTION[&amp;quot;Transverse_Mercator&amp;quot;],PARAMETER[&amp;quot;False_Easting&amp;quot;,400000.0],PARAMETER[&amp;quot;False_Northing&amp;quot;,-100000.0],PARAMETER[&amp;quot;Central_Meridian&amp;quot;,-2.0],PARAMETER[&amp;quot;Scale_Factor&amp;quot;,0.9996012717],PARAMETER[&amp;quot;Latitude_Of_Origin&amp;quot;,49.0],UNIT[&amp;quot;Meter&amp;quot;,1.0],AUTHORITY[&amp;quot;EPSG&amp;quot;,27700]]&lt;/WKT&gt;&lt;XOrigin&gt;-5220400&lt;/XOrigin&gt;&lt;YOrigin&gt;-15524400&lt;/YOrigin&gt;&lt;XYScale&gt;450481592.76709664&lt;/XYScale&gt;&lt;ZOrigin&gt;-100000&lt;/ZOrigin&gt;&lt;ZScale&gt;10000&lt;/ZScale&gt;&lt;MOrigin&gt;-100000&lt;/MOrigin&gt;&lt;MScale&gt;10000&lt;/MScale&gt;&lt;XYTolerance&gt;0.001&lt;/XYTolerance&gt;&lt;ZTolerance&gt;0.001&lt;/ZTolerance&gt;&lt;MTolerance&gt;0.001&lt;/MTolerance&gt;&lt;HighPrecision&gt;true&lt;/HighPrecision&gt;&lt;WKID&gt;27700&lt;/WKID&gt;&lt;LatestWKID&gt;27700&lt;/LatestWKID&gt;&lt;/ProjectedCoordinateSystem&gt;</peXml><csUnits Sync="TRUE">Linear Unit: Meter (1.000000)</csUnits></coordRef></DataProperties><SyncDate>20210311</SyncDate><SyncTime>10412200</SyncTime><ModDate>20210311</ModDate><ModTime>10412200</ModTime></Esri><idinfo><citation><citeinfo><onlink Sync="TRUE">\\BEEGIS\C\Louis\MSc GIS module\Practical 4\shp files\Wind_turbines</onlink></citeinfo></citation></idinfo><distInfo><distributor><distorTran><onLineSrc><linkage Sync="TRUE">file://\\BEEGIS\C\Louis\MSc GIS module\Practical 4\shp files\Wind_turbines</linkage><protocol Sync="TRUE">Local Area Network</protocol></onLineSrc></distorTran></distributor><distFormat><formatName Sync="TRUE">Shapefile</formatName></distFormat><distTranOps><transSize Sync="TRUE">0.000</transSize></distTranOps></distInfo><dataqual><lineage><procstep><procdesc Sync="TRUE">Dataset copied.</procdesc><srcused Sync="TRUE">C:\Louis\MSc GIS module\Practical 4 workings\shp files\Wind_turbines</srcused><date Sync="TRUE">20090218</date><time Sync="TRUE">15190200</time></procstep></lineage></dataqual><dataIdInfo><envirDesc Sync="TRUE"> Version 6.2 (Build 9200) ; Esri ArcGIS 10.6.1.9270</envirDesc><dataLang><languageCode value="eng" country="GBR"></languageCode><countryCode value="GBR" Sync="TRUE"></countryCode></dataLang><idCitation><resTitle Sync="TRUE">wind_turbines</resTitle><presForm><PresFormCd value="005"></PresFormCd></presForm></idCitation><descKeys><thesaName uuidref="723f6998-058e-11dc-8314-0800200c9a66"></thesaName><keyword Sync="TRUE">002</keyword></descKeys><spatRpType><SpatRepTypCd value="001"></SpatRepTypCd></spatRpType></dataIdInfo><mdLang><languageCode value="eng"></languageCode><countryCode value="GBR" Sync="TRUE"></countryCode></mdLang><mdHrLv><ScopeCd value="005"></ScopeCd></mdHrLv><mdHrLvName Sync="TRUE">dataset</mdHrLvName><refSysInfo><RefSystem><refSysID><identCode code="27700"></identCode><idCodeSpace Sync="TRUE">EPSG</idCodeSpace><idVersion Sync="TRUE">8.9.5(3.0.1)</idVersion></refSysID></RefSystem></refSysInfo><spdoinfo><ptvctinf><esriterm Name="wind_turbines"><efeatyp Sync="TRUE">Simple</efeatyp><efeageom code="1" Sync="TRUE"></efeageom><esritopo Sync="TRUE">FALSE</esritopo><efeacnt Sync="TRUE">0</efeacnt><spindex Sync="TRUE">FALSE</spindex><linrefer Sync="TRUE">FALSE</linrefer></esriterm></ptvctinf></spdoinfo><spatRepInfo><VectSpatRep><geometObjs Name="wind_turbines"><geoObjTyp><GeoObjTypCd value="004" Sync="TRUE"></GeoObjTypCd></geoObjTyp><geoObjCnt Sync="TRUE">0</geoObjCnt></geometObjs><topLvl><TopoLevCd value="001" Sync="TRUE"></TopoLevCd></topLvl></VectSpatRep></spatRepInfo><eainfo><detailed Name="wind_turbines"><enttyp><enttypl Sync="TRUE">wind_turbines</enttypl><enttypt Sync="TRUE">Feature Class</enttypt><enttypc Sync="TRUE">0</enttypc></enttyp><attr><attrlabl Sync="TRUE">FID</attrlabl><attalias Sync="TRUE">FID</attalias><attrtype Sync="TRUE">OID</attrtype><attwidth Sync="TRUE">4</attwidth><atprecis Sync="TRUE">0</atprecis><attscale Sync="TRUE">0</attscale><attrdef Sync="TRUE">Internal feature number.</attrdef><attrdefs Sync="TRUE">Esri</attrdefs><attrdomv><udom Sync="TRUE">Sequential unique whole numbers that are automatically generated.</udom></attrdomv></attr><attr><attrlabl Sync="TRUE">Shape</attrlabl><attalias Sync="TRUE">Shape</attalias><attrtype Sync="TRUE">Geometry</attrtype><attwidth Sync="TRUE">0</attwidth><atprecis Sync="TRUE">0</atprecis><attscale Sync="TRUE">0</attscale><attrdef Sync="TRUE">Feature geometry.</attrdef><attrdefs Sync="TRUE">ESRI</attrdefs><attrdomv><udom Sync="TRUE">Coordinates defining the features.</udom></attrdomv></attr><attr><attrlabl Sync="TRUE">WF_Name</attrlabl><attalias Sync="TRUE">WF_Name</attalias><attrtype Sync="TRUE">String</attrtype><attwidth Sync="TRUE">50</attwidth><atprecis Sync="TRUE">0</atprecis><attscale Sync="TRUE">0</attscale></attr><attr><attrlabl Sync="TRUE">Turb_ID</attrlabl><attalias Sync="TRUE">Turb_ID</attalias><attrtype Sync="TRUE">String</attrtype><attwidth Sync="TRUE">10</attwidth><atprecis Sync="TRUE">0</atprecis><attscale Sync="TRUE">0</attscale></attr><attr><attrlabl Sync="TRUE">OFFSETA</attrlabl><attalias Sync="TRUE">OFFSETA</attalias><attrtype Sync="TRUE">Integer</attrtype><attwidth Sync="TRUE">5</attwidth><atprecis Sync="TRUE">5</atprecis><attscale Sync="TRUE">0</attscale></attr><attr><attrlabl Sync="TRUE">OFFSETB</attrlabl><attalias Sync="TRUE">OFFSETB</attalias><attrtype Sync="TRUE">Double</attrtype><attwidth Sync="TRUE">19</attwidth><atprecis Sync="TRUE">0</atprecis><attscale Sync="TRUE">0</attscale></attr></detailed></eainfo><mdDateSt Sync="TRUE">20210311</mdDateSt></metadata>
